n,time elapsed (ms)
1,0.001032
2,0.000221
3,0.000171
4,0.00016
5,0.00016
6,0.00017
7,0.0002
8,0.00018
9,0.00014
10,0.00017
11,0.000211
12,0.000171
13,0.00019
14,0.0002
15,0.0002
16,0.000181
17,0.0002
18,0.00017
19,0.00024
20,0.00021
21,0.000191
22,0.000241
23,0.00019
24,0.00019
25,0.000221
26,0.000191
27,0.00022
28,0.000221
29,0.00021
30,0.000251
31,0.00023
32,0.0002
33,0.000231
34,0.00022
35,0.00024
36,0.00021
37,0.000211
38,0.00023
39,0.00026
40,0.00032
41,0.00024
42,0.00025
43,0.000301
44,0.00024
45,0.00027
46,0.00025
47,0.00026
48,0.00027
49,0.000271
50,0.000261
51,0.00028
52,0.000261
53,0.000261
54,0.00026
55,0.00029
56,0.000291
57,0.00027
58,0.000271
59,0.00031
60,0.000291
61,0.00029
62,0.000311
63,0.0003
64,0.000291
65,0.000301
66,0.000311
67,0.000311
68,0.000331
69,0.000321
70,0.000301
71,0.001242
72,0.000321
73,0.000311
74,0.000311
75,0.000331
76,0.000331
77,0.00036
78,0.000341
79,0.000341
80,0.000341
81,0.00032
82,0.000351
83,0.000371
84,0.00036
85,0.000371
86,0.000351
87,0.000381
88,0.000351
89,0.00034
90,0.000381
91,0.000391
92,0.00038
93,0.000381
94,0.000391
95,0.000401
96,0.00038
97,0.0004
98,0.000371
99,0.000401
100,0.000411
101,0.000381
102,0.000401
103,0.000441
104,0.000401
105,0.000401
106,0.000401
107,0.00047
108,0.000401
109,0.000431
110,0.000421
111,0.001312
112,0.000441
113,0.000411
114,0.000431
115,0.00046
116,0.000431
117,0.00045
118,0.000451
119,0.000491
120,0.000431
121,0.000431
122,0.000501
123,0.000471
124,0.000471
125,0.000441
126,0.000481
127,0.000501
128,0.000521
129,0.000511
130,0.000491
131,0.000752
132,0.000551
133,0.00048
134,0.000461
135,0.002284
136,0.000511
137,0.000501
138,0.000501
139,0.000491
140,0.000511
141,0.000521
142,0.000501
143,0.000561
144,0.000501
145,0.000521
146,0.000531
147,0.000531
148,0.000561
149,0.000521
150,0.000551
151,0.000572
152,0.000521
153,0.000541
154,0.000541
155,0.000551
156,0.000531
157,0.000561
158,0.000561
159,0.000581
160,0.000541
161,0.000531
162,0.000551
163,0.001303
164,0.000581
165,0.000571
166,0.000571
167,0.000602
168,0.000581
169,0.000551
170,0.000571
171,0.000622
172,0.000601
173,0.000601
174,0.000641
175,0.000642
176,0.000591
177,0.000581
178,0.000591
179,0.000621
180,0.000591
181,0.000602
182,0.000591
183,0.000671
184,0.000621
185,0.000621
186,0.000641
187,0.001393
188,0.000642
189,0.000622
190,0.000652
191,0.000702
192,0.000622
193,0.000652
194,0.000632
195,0.000721
196,0.000661
197,0.000651
198,0.000651
199,0.000681
200,0.000672
201,0.000661
202,0.000671
203,0.000702
204,0.000651
205,0.000651
206,0.000662
207,0.001322
208,0.000691
209,0.000672
210,0.000671
211,0.000752
212,0.000721
213,0.000691
214,0.000692
215,0.000741
216,0.000711
217,0.000691
218,0.000742
219,0.000742
220,0.000722
221,0.000691
222,0.000721
223,0.001453
224,0.000752
225,0.000722
226,0.000782
227,0.000752
228,0.000721
229,0.000731
230,0.000802
231,0.000792
232,0.000731
233,0.000741
234,0.000752
235,0.000811
236,0.000742
237,0.000791
238,0.000782
239,0.000771
240,0.000772
241,0.000781
242,0.000772
243,0.001403
244,0.000791
245,0.000771
246,0.000832
247,0.000852
248,0.000802
249,0.000781
250,0.000782
251,0.000872
252,0.000882
253,0.000832
254,0.000842
255,0.001122
256,0.000872
257,0.001072
258,0.000921
259,0.000851
260,0.000842
261,0.000841
262,0.000872
263,0.000871
264,0.000892
265,0.000861
266,0.000832
267,0.000871
268,0.000862
269,0.000851
270,0.000852
271,0.000861
272,0.000851
273,0.000882
274,0.000863
275,0.000872
276,0.000892
277,0.000891
278,0.000952
279,0.000901
280,0.000881
281,0.000891
282,0.000861
283,0.000892
284,0.000932
285,0.000912
286,0.000892
287,0.000891
288,0.000891
289,0.000912
290,0.000892
291,0.000912
292,0.000921
293,0.000912
294,0.000911
295,0.000912
296,0.000952
297,0.000922
298,0.000942
299,0.000952
300,0.000941
301,0.000932
302,0.000932
303,0.000931
304,0.000932
305,0.000922
306,0.000931
307,0.000972
308,0.000962
309,0.000972
310,0.000972
311,0.000982
312,0.000972
313,0.000952
314,0.000972
315,0.000992
316,0.001002
317,0.000992
318,0.000982
319,0.001002
320,0.001002
321,0.000972
322,0.001021
323,0.000982
324,0.000982
325,0.001002
326,0.000992
327,0.001022
328,0.001012
329,0.001032
330,0.001032
331,0.001042
332,0.001072
333,0.001032
334,0.001082
335,0.001022
336,0.001082
337,0.001072
338,0.001022
339,0.001042
340,0.001052
341,0.001082
342,0.001062
343,0.001062
344,0.001112
345,0.001092
346,0.001052
347,0.001072
348,0.001102
349,0.001082
350,0.001052
351,0.001082
352,0.001072
353,0.001152
354,0.001082
355,0.001082
356,0.001122
357,0.001113
358,0.001082
359,0.001082
360,0.001162
361,0.001152
362,0.001112
363,0.001102
364,0.001122
365,0.001123
366,0.001132
367,0.001172
368,0.001143
369,0.001122
370,0.001193
371,0.001133
372,0.001153
373,0.001192
374,0.001162
375,0.001152
376,0.001162
377,0.001132
378,0.001173
379,0.001392
380,0.001183
381,0.001162
382,0.001202
383,0.001203
384,0.001172
385,0.001182
386,0.001152
387,0.001172
388,0.001182
389,0.001192
390,0.001203
391,0.001242
392,0.001182
393,0.001193
394,0.001192
395,0.001212
396,0.001233
397,0.001213
398,0.001212
399,0.001222
400,0.001212
401,0.001222
402,0.001242
403,0.001212
404,0.001303
405,0.001223
406,0.001243
407,0.001312
408,0.001242
409,0.001293
410,0.001212
411,0.001263
412,0.001232
413,0.001252
414,0.001233
415,0.001272
416,0.001333
417,0.001262
418,0.001263
419,0.001252
420,0.001273
421,0.001292
422,0.001273
423,0.001272
424,0.001282
425,0.001293
426,0.001273
427,0.001282
428,0.001332
429,0.001312
430,0.001333
431,0.001323
432,0.001333
433,0.001313
434,0.001323
435,0.001323
436,0.001303
437,0.001323
438,0.001322
439,0.001323
440,0.001312
441,0.001343
442,0.001333
443,0.001352
444,0.001363
445,0.001352
446,0.001352
447,0.001373
448,0.001384
449,0.001393
450,0.001383
451,0.001372
452,0.001373
453,0.001362
454,0.001393
455,0.001413
456,0.001403
457,0.001423
458,0.011622
459,0.001423
460,0.001383
461,0.001403
462,0.001383
463,0.001393
464,0.001453
465,0.001403
466,0.001423
467,0.001382
468,0.001442
469,0.001432
470,0.001403
471,0.001413
472,0.001423
473,0.001412
474,0.001403
475,0.001403
476,0.001433
477,0.001423
478,0.001462
479,0.001483
480,0.001443
481,0.001452
482,0.001443
483,0.001452
484,0.001463
485,0.001493
486,0.001464
487,0.001493
488,0.001463
489,0.001463
490,0.001453
491,0.001442
492,0.001472
493,0.001483
494,0.001483
495,0.001473
496,0.001493
497,0.001493
498,0.001482
499,0.001512
500,0.001492
501,0.001483
502,0.001503
503,0.001593
504,0.001533
505,0.001503
506,0.001563
507,0.001552
508,0.001513
509,0.001502
510,0.001513
511,0.001502
512,0.001543
513,0.001663
514,0.001583
515,0.001613
516,0.001744
517,0.001542
518,0.001553
519,0.001573
520,0.001553
521,0.001533
522,0.001603
523,0.001593
524,0.001573
525,0.001573
526,0.001553
527,0.001583
528,0.001593
529,0.001563
530,0.001624
531,0.001583
532,0.001644
533,0.001573
534,0.001563
535,0.001663
536,0.001663
537,0.001633
538,0.001583
539,0.002584
540,0.002114
541,0.002064
542,0.002064
543,0.002014
544,0.002054
545,0.002044
546,0.002014
547,0.002054
548,0.002325
549,0.002043
550,0.002054
551,0.002084
552,0.002064
553,0.002064
554,0.002124
555,0.002094
556,0.002064
557,0.002084
558,0.002054
559,0.002124
560,0.002124
561,0.002094
562,0.002074
563,0.006012
564,0.002365
565,0.002144
566,0.002144
567,0.002094
568,0.002114
569,0.002084
570,0.002114
571,0.002154
572,0.002155
573,0.002104
574,0.002214
575,0.002135
576,0.002134
577,0.002093
578,0.002134
579,0.002144
580,0.002134
581,0.002124
582,0.002224
583,0.002205
584,0.002214
585,0.002164
586,0.002224
587,0.002234
588,0.002224
589,0.002215
590,0.002184
591,0.002164
592,0.002194
593,0.002204
594,0.002225
595,0.002224
596,0.002224
597,0.002234
598,0.002285
599,0.002975
600,0.001863
601,0.001833
602,0.001793
603,0.001793
604,0.001794
605,0.001784
606,0.001804
607,0.001854
608,0.001863
609,0.001803
610,0.001824
611,0.001784
612,0.001823
613,0.001833
614,0.001843
615,0.001853
616,0.001884
617,0.001893
618,0.001854
619,0.001813
620,0.001854
621,0.001823
622,0.001843
623,0.001883
624,0.001835
625,0.001833
626,0.001874
627,0.001994
628,0.002114
629,0.001874
630,0.001854
631,0.001874
632,0.001904
633,0.001934
634,0.001884
635,0.001904
636,0.001894
637,0.001935
638,0.001924
639,0.001894
640,0.001894
641,0.001914
642,0.001884
643,0.002134
644,0.001944
645,0.001984
646,0.001894
647,0.001893
648,0.001974
649,0.001904
650,0.001933
651,0.001924
652,0.001944
653,0.001944
654,0.001934
655,0.001914
656,0.002054
657,0.001943
658,0.001954
659,0.001914
660,0.001973
661,0.002004
662,0.001994
663,0.001984
664,0.001923
665,0.001964
666,0.001964
667,0.001974
668,0.002023
669,0.001953
670,0.001954
671,0.001954
672,0.002024
673,0.001994
674,0.002004
675,0.001994
676,0.001994
677,0.001964
678,0.001974
679,0.002014
680,0.002024
681,0.002034
682,0.001983
683,0.002074
684,0.001993
685,0.001994
686,0.002053
687,0.002065
688,0.002013
689,0.002014
690,0.001994
691,0.002044
692,0.002014
693,0.002034
694,0.002073
695,0.002104
696,0.002054
697,0.002084
698,0.002114
699,0.002054
700,0.002033
701,0.002033
702,0.002034
703,0.002054
704,0.002074
705,0.002094
706,0.002124
707,0.002054
708,0.002074
709,0.002145
710,0.002074
711,0.002124
712,0.002124
713,0.002094
714,0.002074
715,0.002144
716,0.002154
717,0.002074
718,0.002134
719,0.002154
720,0.002144
721,0.002154
722,0.005981
723,0.002114
724,0.002114
725,0.002124
726,0.002124
727,0.002154
728,0.002154
729,0.002104
730,0.002134
731,0.002144
732,0.002144
733,0.002144
734,0.002114
735,0.002184
736,0.002154
737,0.002184
738,0.002174
739,0.002194
740,0.002174
741,0.002204
742,0.002214
743,0.002164
744,0.002194
745,0.002214
746,0.002224
747,0.002184
748,0.002184
749,0.002204
750,0.002214
751,0.002294
752,0.002184
753,0.002204
754,0.002204
755,0.002204
756,0.002204
757,0.002254
758,0.002215
759,0.002294
760,0.002204
761,0.002264
762,0.002224
763,0.002525
764,0.002244
765,0.002244
766,0.002214
767,0.002224
768,0.002234
769,0.002224
770,0.002274
771,0.002284
772,0.002525
773,0.007454
774,0.002254
775,0.002235
776,0.002275
777,0.002254
778,0.002274
779,0.002275
780,0.002314
781,0.002275
782,0.002324
783,0.002285
784,0.002284
785,0.002254
786,0.002304
787,0.002254
788,0.002405
789,0.002344
790,0.002274
791,0.002325
792,0.002314
793,0.002314
794,0.002334
795,0.002284
796,0.002355
797,0.002315
798,0.002294
799,0.002334
800,0.002375
801,0.002315
802,0.002335
803,0.002395
804,0.002344
805,0.002324
806,0.002334
807,0.002334
808,0.002355
809,0.002355
810,0.002385
811,0.002345
812,0.002344
813,0.002435
814,0.002374
815,0.002365
816,0.002374
817,0.002335
818,0.002344
819,0.002395
820,0.002424
821,0.002444
822,0.002365
823,0.002435
824,0.002385
825,0.002414
826,0.002414
827,0.002384
828,0.002384
829,0.002385
830,0.002385
831,0.002385
832,0.002434
833,0.002425
834,0.002424
835,0.002404
836,0.002404
837,0.002685
838,0.002425
839,0.002414
840,0.002415
841,0.002415
842,0.002434
843,0.002515
844,0.002424
845,0.002475
846,0.002444
847,0.002465
848,0.002475
849,0.002485
850,0.002465
851,0.002424
852,0.002465
853,0.002505
854,0.002465
855,0.002485
856,0.002494
857,0.002475
858,0.002495
859,0.002505
860,0.002475
861,0.002495
862,0.002535
863,0.002495
864,0.002545
865,0.002495
866,0.002565
867,0.002544
868,0.002545
869,0.002525
870,0.002525
871,0.002544
872,0.002545
873,0.002535
874,0.002514
875,0.002645
876,0.002525
877,0.002516
878,0.002574
879,0.002535
880,0.002525
881,0.002535
882,0.002574
883,0.002585
884,0.002595
885,0.002545
886,0.002564
887,0.002565
888,0.002605
889,0.002565
890,0.002555
891,0.002585
892,0.002556
893,0.002555
894,0.002625
895,0.002565
896,0.002585
897,0.002605
898,0.002635
899,0.002624
900,0.002635
901,0.002595
902,0.002635
903,0.002615
904,0.002675
905,0.002595
906,0.002655
907,0.002605
908,0.002605
909,0.002645
910,0.002635
911,0.002625
912,0.002635
913,0.002645
914,0.003056
915,0.002715
916,0.002715
917,0.002636
918,0.002675
919,0.002676
920,0.002665
921,0.002655
922,0.002696
923,0.002645
924,0.002705
925,0.002765
926,0.002665
927,0.002665
928,0.002685
929,0.002655
930,0.002685
931,0.002695
932,0.002735
933,0.002665
934,0.002685
935,0.002715
936,0.002695
937,0.002725
938,0.002705
939,0.002745
940,0.002725
941,0.002755
942,0.002715
943,0.002685
944,0.002716
945,0.002736
946,0.002725
947,0.002745
948,0.002745
949,0.002746
950,0.002705
951,0.002725
952,0.002735
953,0.002735
954,0.002756
955,0.002746
956,0.002786
957,0.002785
958,0.002765
959,0.002775
960,0.002765
961,0.002756
962,0.002746
963,0.002766
964,0.003446
965,0.002796
966,0.002775
967,0.002815
968,0.002795
969,0.002807
970,0.002815
971,0.002796
972,0.002835
973,0.002795
974,0.002776
975,0.002795
976,0.002816
977,0.002795
978,0.002776
979,0.003717
980,0.002835
981,0.002846
982,0.002846
983,0.002816
984,0.002847
985,0.002866
986,0.002856
987,0.002855
988,0.002866
989,0.002846
990,0.002866
991,0.002955
992,0.002835
993,0.002835
994,0.002845
995,0.002846
996,0.002906
997,0.002825
998,0.002855
999,0.002876
1000,0.002945
1001,0.002855
1002,0.002876
1003,0.002876
1004,0.002896
1005,0.002915
1006,0.002915
1007,0.002876
1008,0.002935
1009,0.002926
1010,0.002877
1011,0.002895
1012,0.002875
1013,0.002896
1014,0.002936
1015,0.002935
1016,0.002935
1017,0.002906
1018,0.002906
1019,0.002936
1020,0.002916
1021,0.002956
1022,0.002966
1023,0.002925
1024,0.002945
1025,0.003917
1026,0.003377
1027,0.003005
1028,0.002945
1029,0.002946
1030,0.003036
1031,0.002985
1032,0.003095
1033,0.002995
1034,0.003016
1035,0.003156
1036,0.002985
1037,0.003066
1038,0.003035
1039,0.003386
1040,0.002985
1041,0.003357
1042,0.002966
1043,0.002976
1044,0.002996
1045,0.003016
1046,0.002986
1047,0.003006
1048,0.002986
1049,0.003026
1050,0.003057
1051,0.003005
1052,0.003006
1053,0.003396
1054,0.003016
1055,0.002986
1056,0.003016
1057,0.002986
1058,0.003005
1059,0.003025
1060,0.003016
1061,0.002996
1062,0.003015
1063,0.003016
1064,0.003056
1065,0.003086
1066,0.003075
1067,0.003056
1068,0.003016
1069,0.003025
1070,0.003037
1071,0.003035
1072,0.003046
1073,0.003036
1074,0.003045
1075,0.003096
1076,0.003056
1077,0.003046
1078,0.003046
1079,0.003115
1080,0.003055
1081,0.003065
1082,0.003075
1083,0.003256
1084,0.003076
1085,0.003077
1086,0.003096
1087,0.003086
1088,0.003075
1089,0.003116
1090,0.003146
1091,0.003136
1092,0.003126
1093,0.003176
1094,0.003146
1095,0.003186
1096,0.003116
1097,0.003136
1098,0.003167
1099,0.003196
1100,0.003176
1101,0.003126
1102,0.003156
1103,0.003126
1104,0.003196
1105,0.003126
1106,0.003126
1107,0.003126
1108,0.003166
1109,0.003206
1110,0.003166
1111,0.003166
1112,0.003156
1113,0.003167
1114,0.003226
1115,0.003155
1116,0.003196
1117,0.003166
1118,0.003206
1119,0.003156
1120,0.003516
1121,0.003176
1122,0.003226
1123,0.003206
1124,0.003166
1125,0.003186
1126,0.003237
1127,0.003226
1128,0.003206
1129,0.003206
1130,0.003236
1131,0.003216
1132,0.003287
1133,0.003246
1134,0.003196
1135,0.003216
1136,0.003207
1137,0.003216
1138,0.003226
1139,0.003226
1140,0.003226
1141,0.003256
1142,0.003226
1143,0.003286
1144,0.003246
1145,0.003266
1146,0.003306
1147,0.003306
1148,0.003277
1149,0.003257
1150,0.003276
1151,0.003256
1152,0.003316
1153,0.003267
1154,0.003286
1155,0.003286
1156,0.003246
1157,0.003276
1158,0.003266
1159,0.003296
1160,0.003296
1161,0.003346
1162,0.003297
1163,0.003306
1164,0.003316
1165,0.003298
1166,0.003316
1167,0.003327
1168,0.003366
1169,0.003366
1170,0.003316
1171,0.003337
1172,0.003296
1173,0.003336
1174,0.003387
1175,0.003327
1176,0.003327
1177,0.003347
1178,0.003397
1179,0.003386
1180,0.003396
1181,0.003377
1182,0.003356
1183,0.003346
1184,0.003386
1185,0.003406
1186,0.003386
1187,0.003376
1188,0.003356
1189,0.003356
1190,0.003346
1191,0.003356
1192,0.003376
1193,0.003346
1194,0.003367
1195,0.003356
1196,0.003357
1197,0.003366
1198,0.003377
1199,0.003386
1200,0.003376
1201,0.003397
1202,0.003377
1203,0.003396
1204,0.003396
1205,0.003396
1206,0.003397
1207,0.003417
1208,0.003427
1209,0.003457
1210,0.003486
1211,0.003867
1212,0.003568
1213,0.003587
1214,0.003878
1215,0.003888
1216,0.003466
1217,0.003557
1218,0.003587
1219,0.003887
1220,0.003447
1221,0.003477
1222,0.003697
1223,0.003517
1224,0.003526
1225,0.003507
1226,0.003527
1227,0.003657
1228,0.003466
1229,0.003476
1230,0.003507
1231,0.003487
1232,0.003497
1233,0.003497
1234,0.003496
1235,0.003536
1236,0.003496
1237,0.003526
1238,0.003516
1239,0.003547
1240,0.003908
1241,0.003497
1242,0.003517
1243,0.003576
1244,0.003507
1245,0.003737
1246,0.003596
1247,0.003527
1248,0.003517
1249,0.003576
1250,0.003978
1251,0.003546
1252,0.003537
1253,0.003687
1254,0.004017
1255,0.003567
1256,0.003587
1257,0.003596
1258,0.003527
1259,0.003576
1260,0.003547
1261,0.003546
1262,0.003548
1263,0.003566
1264,0.003557
1265,0.003536
1266,0.003537
1267,0.003606
1268,0.003547
1269,0.003536
1270,0.003617
1271,0.003626
1272,0.004038
1273,0.003617
1274,0.003617
1275,0.003607
1276,0.003637
1277,0.003627
1278,0.003577
1279,0.003627
1280,0.003637
1281,0.003657
1282,0.003617
1283,0.004108
1284,0.003646
1285,0.003607
1286,0.003637
1287,0.003647
1288,0.003617
1289,0.003636
1290,0.003618
1291,0.003647
1292,0.003648
1293,0.003616
1294,0.003687
1295,0.003636
1296,0.003657
1297,0.003687
1298,0.003696
1299,0.003667
1300,0.003697
1301,0.003647
1302,0.003647
1303,0.003677
1304,0.003656
1305,0.003678
1306,0.003667
1307,0.003677
1308,0.003657
1309,0.003677
1310,0.003657
1311,0.003656
1312,0.003667
1313,0.003667
1314,0.003686
1315,0.003696
1316,0.003688
1317,0.003697
1318,0.003687
1319,0.003687
1320,0.003737
1321,0.003717
1322,0.003857
1323,0.003727
1324,0.003747
1325,0.003717
1326,0.003747
1327,0.003768
1328,0.003757
1329,0.003747
1330,0.003757
1331,0.003777
1332,0.003767
1333,0.003787
1334,0.003757
1335,0.003747
1336,0.003787
1337,0.003747
1338,0.003798
1339,0.003808
1340,0.003737
1341,0.003797
1342,0.003777
1343,0.003767
1344,0.003787
1345,0.003817
1346,0.003827
1347,0.003778
1348,0.003828
1349,0.003777
1350,0.003777
1351,0.003827
1352,0.003798
1353,0.003807
1354,0.003817
1355,0.003847
1356,0.003828
1357,0.003817
1358,0.003787
1359,0.003807
1360,0.003858
1361,0.004067
1362,0.003808
1363,0.003837
1364,0.003827
1365,0.003857
1366,0.003797
1367,0.003848
1368,0.003837
1369,0.003838
1370,0.003817
1371,0.003847
1372,0.003867
1373,0.003837
1374,0.003847
1375,0.003847
1376,0.003847
1377,0.003827
1378,0.003858
1379,0.003847
1380,0.003867
1381,0.003847
1382,0.003857
1383,0.003848
1384,0.003917
1385,0.003918
1386,0.003917
1387,0.003867
1388,0.003928
1389,0.003897
1390,0.003958
1391,0.003917
1392,0.008427
1393,0.003908
1394,0.003888
1395,0.003928
1396,0.003947
1397,0.003927
1398,0.003898
1399,0.003907
1400,0.003927
1401,0.003927
1402,0.003927
1403,0.003987
1404,0.003937
1405,0.003957
1406,0.004148
1407,0.003948
1408,0.003947
1409,0.003957
1410,0.003928
1411,0.003988
1412,0.003937
1413,0.003947
1414,0.003948
1415,0.003987
1416,0.003998
1417,0.004028
1418,0.004028
1419,0.004198
1420,0.003968
1421,0.004188
1422,0.003998
1423,0.004057
1424,0.003987
1425,0.004008
1426,0.003987
1427,0.004008
1428,0.003968
1429,0.004128
1430,0.004007
1431,0.004018
1432,0.00452
1433,0.004008
1434,0.004008
1435,0.004208
1436,0.004027
1437,0.004047
1438,0.004017
1439,0.004007
1440,0.004027
1441,0.004027
1442,0.004048
1443,0.004058
1444,0.004028
1445,0.004047
1446,0.004058
1447,0.005109
1448,0.004669
1449,0.004128
1450,0.004068
1451,0.004568
1452,0.004077
1453,0.004068
1454,0.004608
1455,0.004339
1456,0.004077
1457,0.004579
1458,0.004599
1459,0.004348
1460,0.004088
1461,0.004087
1462,0.004608
1463,0.004138
1464,0.004138
1465,0.004109
1466,0.004148
1467,0.004128
1468,0.004107
1469,0.004137
1470,0.004088
1471,0.004077
1472,0.004117
1473,0.004128
1474,0.004118
1475,0.004179
1476,0.004117
1477,0.004118
1478,0.004148
1479,0.004127
1480,0.004248
1481,0.004248
1482,0.004118
1483,0.004127
1484,0.004148
1485,0.004188
1486,0.004148
1487,0.004168
1488,0.004147
1489,0.004188
1490,0.004189
1491,0.004178
1492,0.004167
1493,0.004198
1494,0.004218
1495,0.004159
1496,0.004188
1497,0.004178
1498,0.004208
1499,0.004208
1500,0.004219
1501,0.004178
1502,0.004258
1503,0.004228
1504,0.004238
1505,0.004238
1506,0.004228
1507,0.004188
1508,0.004238
1509,0.004218
1510,0.004238
1511,0.004208
1512,0.004248
1513,0.004248
1514,0.004258
1515,0.004228
1516,0.004238
1517,0.004268
1518,0.004248
1519,0.004228
1520,0.004208
1521,0.004259
1522,0.004228
1523,0.004278
1524,0.004258
1525,0.004248
1526,0.004278
1527,0.004248
1528,0.004308
1529,0.004288
1530,0.004258
1531,0.004358
1532,0.004288
1533,0.004328
1534,0.00431
1535,0.004308
1536,0.004298
1537,0.004359
1538,0.004298
1539,0.004328
1540,0.004278
1541,0.004298
1542,0.004309
1543,0.007544
1544,0.004339
1545,0.004308
1546,0.004308
1547,0.004378
1548,0.004328
1549,0.004338
1550,0.004298
1551,0.004328
1552,0.004318
1553,0.004339
1554,0.004339
1555,0.004338
1556,0.004378
1557,0.004378
1558,0.004408
1559,0.004368
1560,0.004348
1561,0.004378
1562,0.004338
1563,0.004438
1564,0.004408
1565,0.004409
1566,0.004398
1567,0.004368
1568,0.004409
1569,0.004388
1570,0.004439
1571,0.004408
1572,0.004409
1573,0.004398
1574,0.004428
1575,0.004419
1576,0.004408
1577,0.004408
1578,0.006402
1579,0.005621
1580,0.005611
1581,0.005541
1582,0.00554
1583,0.008806
1584,0.005551
1585,0.00554
1586,0.005561
1587,0.005531
1588,0.006282
1589,0.00562
1590,0.005571
1591,0.00561
1592,0.004468
1593,0.004509
1594,0.004498
1595,0.004468
1596,0.004499
1597,0.004469
1598,0.004469
1599,0.004518
1600,0.004529
1601,0.004529
1602,0.004629
1603,0.004498
1604,0.005099
1605,0.004508
1606,0.004498
1607,0.004489
1608,0.004509
1609,0.00453
1610,0.004508
1611,0.004518
1612,0.004559
1613,0.004558
1614,0.004558
1615,0.004508
1616,0.004508
1617,0.004508
1618,0.004528
1619,0.004548
1620,0.004549
1621,0.004539
1622,0.004549
1623,0.004589
1624,0.004558
1625,0.004538
1626,0.004579
1627,0.004548
1628,0.004559
1629,0.004559
1630,0.004589
1631,0.004588
1632,0.004589
1633,0.004548
1634,0.004579
1635,0.004598
1636,0.004589
1637,0.004569
1638,0.004568
1639,0.004569
1640,0.004599
1641,0.004568
1642,0.004588
1643,0.004579
1644,0.004589
1645,0.004609
1646,0.004579
1647,0.004599
1648,0.004629
1649,0.004599
1650,0.004639
1651,0.004609
1652,0.004669
1653,0.004679
1654,0.004629
1655,0.004599
1656,0.004689
1657,0.004649
1658,0.004659
1659,0.004709
1660,0.004669
1661,0.004639
1662,0.004669
1663,0.004699
1664,0.004668
1665,0.004639
1666,0.004709
1667,0.004719
1668,0.004699
1669,0.00469
1670,0.004649
1671,0.004659
1672,0.00469
1673,0.004698
1674,0.004698
1675,0.00467
1676,0.004709
1677,0.004699
1678,0.0047
1679,0.004689
1680,0.004719
1681,0.00472
1682,0.004728
1683,0.004699
1684,0.004709
1685,0.004769
1686,0.004769
1687,0.004719
1688,0.004749
1689,0.004709
1690,0.004699
1691,0.004719
1692,0.004709
1693,0.004718
1694,0.004729
1695,0.004759
1696,0.004739
1697,0.00475
1698,0.005581
1699,0.00477
1700,0.004718
1701,0.004699
1702,0.004729
1703,0.004749
1704,0.004749
1705,0.004729
1706,0.004779
1707,0.004749
1708,0.004779
1709,0.004768
1710,0.004729
1711,0.004769
1712,0.004789
1713,0.004779
1714,0.004809
1715,0.00476
1716,0.004829
1717,0.004789
1718,0.00479
1719,0.004789
1720,0.004829
1721,0.004819
1722,0.004809
1723,0.00492
1724,0.00486
1725,0.004799
1726,0.004809
1727,0.004809
1728,0.004819
1729,0.004829
1730,0.004869
1731,0.004869
1732,0.00491
1733,0.004849
1734,0.004879
1735,0.004879
1736,0.004869
1737,0.00489
1738,0.004869
1739,0.004839
1740,0.00485
1741,0.004889
1742,0.004859
1743,0.004899
1744,0.004899
1745,0.0049
1746,0.004889
1747,0.00491
1748,0.004929
1749,0.00493
1750,0.004899
1751,0.004889
1752,0.004979
1753,0.004899
1754,0.004901
1755,0.004889
1756,0.004909
1757,0.004909
1758,0.004889
1759,0.004879
1760,0.004899
1761,0.00493
1762,0.004889
1763,0.004879
1764,0.00492
1765,0.004919
1766,0.004919
1767,0.004999
1768,0.004919
1769,0.00495
1770,0.0049
1771,0.004971
1772,0.00496
1773,0.00496
1774,0.004939
1775,0.00497
1776,0.00501
1777,0.004969
1778,0.00501
1779,0.005009
1780,0.00499
1781,0.00497
1782,0.004989
1783,0.004979
1784,0.00501
1785,0.004979
1786,0.00501
1787,0.005009
1788,0.005009
1789,0.005
1790,0.00499
1791,0.005029
1792,0.005049
1793,0.00504
1794,0.005029
1795,0.005059
1796,0.00502
1797,0.00503
1798,0.005029
1799,0.005019
1800,0.005099
1801,0.005059
1802,0.00501
1803,0.005031
1804,0.00506
1805,0.00508
1806,0.00507
1807,0.005049
1808,0.005049
1809,0.005029
1810,0.00507
1811,0.005079
1812,0.00506
1813,0.005039
1814,0.00508
1815,0.005049
1816,0.005089
1817,0.00512
1818,0.005081
1819,0.00508
1820,0.00511
1821,0.00511
1822,0.00507
1823,0.0051
1824,0.00511
1825,0.005099
1826,0.00512
1827,0.00509
1828,0.005109
1829,0.00514
1830,0.005119
1831,0.0051
1832,0.0051
1833,0.00514
1834,0.00512
1835,0.00518
1836,0.005169
1837,0.00519
1838,0.00514
1839,0.006312
1840,0.005249
1841,0.005169
1842,0.00514
1843,0.00513
1844,0.00543
1845,0.00528
1846,0.005209
1847,0.005171
1848,0.00517
1849,0.005189
1850,0.00517
1851,0.005241
1852,0.0052
1853,0.00516
1854,0.00522
1855,0.005251
1856,0.00522
1857,0.00526
1858,0.005219
1859,0.00522
1860,0.005901
1861,0.00524
1862,0.006382
1863,0.005309
1864,0.0053
1865,0.005261
1866,0.00526
1867,0.00528
1868,0.00523
1869,0.005251
1870,0.005219
1871,0.00533
1872,0.00526
1873,0.005281
1874,0.00527
1875,0.00529
1876,0.00532
1877,0.005301
1878,0.00529
1879,0.005259
1880,0.00528
1881,0.005301
1882,0.00528
1883,0.00527
1884,0.0053
1885,0.005341
1886,0.00529
1887,0.005279
1888,0.00531
1889,0.005261
1890,0.00529
1891,0.00525
1892,0.00527
1893,0.00532
1894,0.005249
1895,0.00531
1896,0.00532
1897,0.00529
1898,0.00529
1899,0.00529
1900,0.00526
1901,0.00534
1902,0.00527
1903,0.00528
1904,0.00528
1905,0.00528
1906,0.005301
1907,0.0053
1908,0.0053
1909,0.00531
1910,0.005351
1911,0.0053
1912,0.00532
1913,0.00531
1914,0.005391
1915,0.00537
1916,0.00536
1917,0.011211
1918,0.00539
1919,0.00541
1920,0.005391
1921,0.0054
1922,0.00541
1923,0.0054
1924,0.0054
1925,0.005381
1926,0.00539
1927,0.00538
1928,0.005461
1929,0.005431
1930,0.00563
1931,0.00542
1932,0.005441
1933,0.00539
1934,0.00543
1935,0.00541
1936,0.00544
1937,0.00545
1938,0.005461
1939,0.00541
1940,0.005431
1941,0.005411
1942,0.00544
1943,0.005411
1944,0.00546
1945,0.00544
1946,0.005481
1947,0.00545
1948,0.00543
1949,0.00542
1950,0.005482
1951,0.00548
1952,0.00542
1953,0.005461
1954,0.00547
1955,0.00546
1956,0.00551
1957,0.0055
1958,0.00543
1959,0.005421
1960,0.0055
1961,0.00548
1962,0.005491
1963,0.00548
1964,0.005471
1965,0.00545
1966,0.00546
1967,0.00547
1968,0.005551
1969,0.00547
1970,0.005471
1971,0.005482
1972,0.00548
1973,0.00546
1974,0.00549
1975,0.00549
1976,0.00551
1977,0.005471
1978,0.00552
1979,0.005551
1980,0.005491
1981,0.005511
1982,0.00551
1983,0.005551
1984,0.00555
1985,0.005511
1986,0.005511
1987,0.0055
1988,0.00554
1989,0.00553
1990,0.005531
1991,0.00552
1992,0.00551
1993,0.00553
1994,0.005641
1995,0.00557
1996,0.005561
1997,0.005551
1998,0.005551
1999,0.005541
2000,0.00557
2001,0.00558
2002,0.00557
2003,0.005601
2004,0.005602
2005,0.00559
2006,0.005561
2007,0.00561
2008,0.00561
2009,0.005582
2010,0.00561
2011,0.005601
2012,0.00558
2013,0.005581
2014,0.005601
2015,0.005591
2016,0.00574
2017,0.005582
2018,0.005591
2019,0.005641
2020,0.00561
2021,0.0056
2022,0.005592
2023,0.00558
2024,0.005591
2025,0.005631
2026,0.00564
2027,0.005621
2028,0.005591
2029,0.005851
2030,0.005651
2031,0.005671
2032,0.005631
2033,0.005602
2034,0.00564
2035,0.00563
2036,0.005641
2037,0.00565
2038,0.005641
2039,0.00563
2040,0.00571
2041,0.00566
2042,0.005741
2043,0.00564
2044,0.005661
2045,0.005651
2046,0.005631
2047,0.00569
2048,0.005671
2049,0.005892
2050,0.006442
2051,0.005711
2052,0.005691
2053,0.005691
2054,0.006433
2055,0.005711
2056,0.006452
2057,0.005731
2058,0.00571
2059,0.005991
2060,0.005732
2061,0.00576
2062,0.006462
2063,0.005731
2064,0.00569
2065,0.006432
2066,0.005711
2067,0.005731
2068,0.005761
2069,0.005711
2070,0.005701
2071,0.005721
2072,0.005751
2073,0.00572
2074,0.005731
2075,0.005761
2076,0.005721
2077,0.005772
2078,0.00575
2079,0.005761
2080,0.005741
2081,0.00575
2082,0.005741
2083,0.005801
2084,0.005781
2085,0.005761
2086,0.005801
2087,0.005761
2088,0.005822
2089,0.005821
2090,0.005891
2091,0.005841
2092,0.005851
2093,0.00579
2094,0.006532
2095,0.005812
2096,0.00578
2097,0.005831
2098,0.005831
2099,0.005861
2100,0.005831
2101,0.005872
2102,0.005841
2103,0.005881
2104,0.005851
2105,0.005861
2106,0.005861
2107,0.005882
2108,0.005841
2109,0.005861
2110,0.005891
2111,0.005871
2112,0.005901
2113,0.005891
2114,0.005831
2115,0.005861
2116,0.005851
2117,0.005911
2118,0.005871
2119,0.005862
2120,0.005891
2121,0.005871
2122,0.005871
2123,0.005881
2124,0.005871
2125,0.005922
2126,0.005901
2127,0.005942
2128,0.005871
2129,0.006142
2130,0.005911
2131,0.005922
2132,0.005911
2133,0.005962
2134,0.005941
2135,0.005941
2136,0.006673
2137,0.005922
2138,0.005981
2139,0.01029
2140,0.005961
2141,0.005901
2142,0.005921
2143,0.005911
2144,0.005962
2145,0.005932
2146,0.005941
2147,0.005931
2148,0.005891
2149,0.005942
2150,0.005941
2151,0.005952
2152,0.005962
2153,0.005971
2154,0.005941
2155,0.005971
2156,0.005901
2157,0.005972
2158,0.005911
2159,0.005921
2160,0.005952
2161,0.005941
2162,0.005991
2163,0.005961
2164,0.006003
2165,0.005932
2166,0.005941
2167,0.005981
2168,0.005981
2169,0.005971
2170,0.006011
2171,0.006012
2172,0.005981
2173,0.006042
2174,0.005981
2175,0.005961
2176,0.005982
2177,0.005981
2178,0.005991
2179,0.005971
2180,0.005981
2181,0.005971
2182,0.006012
2183,0.006031
2184,0.006012
2185,0.006012
2186,0.006051
2187,0.006001
2188,0.006021
2189,0.006172
2190,0.006032
2191,0.006042
2192,0.006013
2193,0.006052
2194,0.006061
2195,0.006091
2196,0.006052
2197,0.006101
2198,0.006082
2199,0.006102
2200,0.006112
2201,0.006101
2202,0.006122
2203,0.006081
2204,0.006131
2205,0.006091
2206,0.006092
2207,0.006143
2208,0.006081
2209,0.006091
2210,0.006122
2211,0.006512
2212,0.006151
2213,0.006142
2214,0.006132
2215,0.006153
2216,0.006151
2217,0.006111
2218,0.006181
2219,0.006181
2220,0.006172
2221,0.006883
2222,0.006141
2223,0.006122
2224,0.006142
2225,0.006362
2226,0.006121
2227,0.006122
2228,0.006132
2229,0.006153
2230,0.006241
2231,0.006131
2232,0.006282
2233,0.006132
2234,0.006162
2235,0.006131
2236,0.006191
2237,0.006233
2238,0.006202
2239,0.006963
2240,0.006212
2241,0.006202
2242,0.006191
2243,0.006212
2244,0.006182
2245,0.006212
2246,0.006203
2247,0.006202
2248,0.006232
2249,0.006262
2250,0.006202
2251,0.006222
2252,0.006182
2253,0.006232
2254,0.006222
2255,0.006231
2256,0.006272
2257,0.006221
2258,0.006232
2259,0.006272
2260,0.006262
2261,0.006302
2262,0.006292
2263,0.006261
2264,0.006273
2265,0.006242
2266,0.006301
2267,0.006312
2268,0.006262
2269,0.006272
2270,0.006281
2271,0.006322
2272,0.006282
2273,0.006283
2274,0.006272
2275,0.006281
2276,0.006282
2277,0.006292
2278,0.006302
2279,0.009969
2280,0.006352
2281,0.006352
2282,0.006332
2283,0.006301
2284,0.006281
2285,0.006352
2286,0.006292
2287,0.006313
2288,0.006301
2289,0.006322
2290,0.006362
2291,0.006352
2292,0.006332
2293,0.006341
2294,0.006372
2295,0.006382
2296,0.006343
2297,0.006343
2298,0.006402
2299,0.006392
2300,0.006402
2301,0.006372
2302,0.006492
2303,0.006372
2304,0.006342
2305,0.006362
2306,0.006412
2307,0.006362
2308,0.006333
2309,0.006362
2310,0.006382
2311,0.006402
2312,0.006422
2313,0.006412
2314,0.006372
2315,0.006412
2316,0.006412
2317,0.006392
2318,0.006413
2319,0.006433
2320,0.006412
2321,0.006432
2322,0.006462
2323,0.006402
2324,0.006392
2325,0.006652
2326,0.006432
2327,0.006433
2328,0.006453
2329,0.006412
2330,0.006452
2331,0.006542
2332,0.006442
2333,0.006432
2334,0.006422
2335,0.006442
2336,0.006443
2337,0.006483
2338,0.006482
2339,0.006452
2340,0.006462
2341,0.006452
2342,0.006512
2343,0.006452
2344,0.006482
2345,0.01096
2346,0.006512
2347,0.006483
2348,0.006492
2349,0.006452
2350,0.006512
2351,0.006473
2352,0.006523
2353,0.006532
2354,0.006472
2355,0.006542
2356,0.006512
2357,0.006512
2358,0.006492
2359,0.006512
2360,0.006552
2361,0.006552
2362,0.006503
2363,0.006532
2364,0.006523
2365,0.006534
2366,0.006542
2367,0.006582
2368,0.006552
2369,0.006522
2370,0.006522
2371,0.006552
2372,0.006532
2373,0.006593
2374,0.006593
2375,0.006552
2376,0.006552
2377,0.006592
2378,0.006542
2379,0.006592
2380,0.006583
2381,0.006604
2382,0.006623
2383,0.006643
2384,0.006612
2385,0.006592
2386,0.006573
2387,0.006633
2388,0.006632
2389,0.006633
2390,0.006622
2391,0.006592
2392,0.006593
2393,0.006592
2394,0.006582
2395,0.006602
2396,0.006572
2397,0.006623
2398,0.006614
2399,0.006633
2400,0.006633
2401,0.006603
2402,0.006653
2403,0.006632
2404,0.006642
2405,0.006602
2406,0.104067
2407,0.007615
2408,0.007504
2409,0.006652
2410,0.011041
2411,0.007534
2412,0.006692
2413,0.006653
2414,0.006643
2415,0.006653
2416,0.006632
2417,0.006743
2418,0.006743
2419,0.006673
2420,0.006692
2421,0.006724
2422,0.007545
2423,0.006733
2424,0.006713
2425,0.006703
2426,0.006712
2427,0.006733
2428,0.006733
2429,0.006693
2430,0.006702
2431,0.006722
2432,0.010309
2433,0.006743
2434,0.006703
2435,0.006703
2436,0.006683
2437,0.006703
2438,0.006692
2439,0.006742
2440,0.006733
2441,0.006702
2442,0.006722
2443,0.006752
2444,0.006723
2445,0.006783
2446,0.006762
2447,0.006833
2448,0.006782
2449,0.006803
2450,0.006783
2451,0.006784
2452,0.006862
2453,0.006783
2454,0.006752
2455,0.006753
2456,0.006773
2457,0.006782
2458,0.006793
2459,0.006833
2460,0.006803
2461,0.006792
2462,0.006773
2463,0.006763
2464,0.006773
2465,0.006772
2466,0.006792
2467,0.006843
2468,0.006813
2469,0.006833
2470,0.006882
2471,0.006852
2472,0.007704
2473,0.006814
2474,0.006854
2475,0.006944
2476,0.006804
2477,0.006874
2478,0.006834
2479,0.006883
2480,0.006873
2481,0.006873
2482,0.006893
2483,0.006853
2484,0.006853
2485,0.006863
2486,0.006843
2487,0.006883
2488,0.006863
2489,0.006833
2490,0.006883
2491,0.006903
2492,0.006923
2493,0.007163
2494,0.01105
2495,0.006883
2496,0.006863
2497,0.006883
2498,0.006872
2499,0.006863
2500,0.006883
2501,0.006903
2502,0.006883
2503,0.006933
2504,0.006963
2505,0.006903
2506,0.006943
2507,0.006924
2508,0.006985
2509,0.006984
2510,0.006994
2511,0.006994
2512,0.006974
2513,0.006994
2514,0.006994
2515,0.006963
2516,0.006994
2517,0.006964
2518,0.007014
2519,0.006964
2520,0.007014
2521,0.006983
2522,0.007013
2523,0.007023
2524,0.007003
2525,0.007023
2526,0.007013
2527,0.007034
2528,0.006983
2529,0.007013
2530,0.007033
2531,0.007073
2532,0.007063
2533,0.007094
2534,0.007063
2535,0.007053
2536,0.007104
2537,0.007153
2538,0.007043
2539,0.007024
2540,0.007033
2541,0.007063
2542,0.007083
2543,0.007063
2544,0.007084
2545,0.007114
2546,0.007034
2547,0.007073
2548,0.007013
2549,0.007053
2550,0.007093
2551,0.007053
2552,0.007053
2553,0.007073
2554,0.007103
2555,0.007103
2556,0.007104
2557,0.007104
2558,0.007313
2559,0.007083
2560,0.007084
2561,0.007143
2562,0.007123
2563,0.007104
2564,0.007113
2565,0.007094
2566,0.007103
2567,0.007124
2568,0.007113
2569,0.007103
2570,0.007154
2571,0.007153
2572,0.007174
2573,0.007144
2574,0.007124
2575,0.007115
2576,0.007104
2577,0.007155
2578,0.007145
2579,0.007284
2580,0.007133
2581,0.007163
2582,0.007153
2583,0.007193
2584,0.007194
2585,0.007164
2586,0.007133
2587,0.007213
2588,0.007194
2589,0.007173
2590,0.007223
2591,0.007214
2592,0.007233
2593,0.007213
2594,0.007194
2595,0.007254
2596,0.007204
2597,0.007284
2598,0.007234
2599,0.007354
2600,0.007233
2601,0.007264
2602,0.007254
2603,0.007284
2604,0.007303
2605,0.007244
2606,0.007294
2607,0.007294
2608,0.007225
2609,0.007305
2610,0.007284
2611,0.007264
2612,0.007264
2613,0.007213
2614,0.007273
2615,0.007223
2616,0.007273
2617,0.007284
2618,0.007294
2619,0.007414
2620,0.007243
2621,0.007224
2622,0.007314
2623,0.007283
2624,0.007304
2625,0.007234
2626,0.007273
2627,0.007324
2628,0.007334
2629,0.007283
2630,0.007324
2631,0.007303
2632,0.007274
2633,0.007284
2634,0.007304
2635,0.007304
2636,0.007314
2637,0.007344
2638,0.007303
2639,0.007314
2640,0.007355
2641,0.007295
2642,0.007325
2643,0.007305
2644,0.007344
2645,0.007314
2646,0.007364
2647,0.007374
2648,0.007333
2649,0.007313
2650,0.007384
2651,0.007344
2652,0.007364
2653,0.007354
2654,0.007363
2655,0.007354
2656,0.007374
2657,0.007334
2658,0.007374
2659,0.007403
2660,0.007394
2661,0.007364
2662,0.007354
2663,0.007364
2664,0.007364
2665,0.007354
2666,0.007375
2667,0.007415
2668,0.007364
2669,0.007375
2670,0.007384
2671,0.007424
2672,0.007404
2673,0.007424
2674,0.007374
2675,0.007394
2676,0.007433
2677,0.007373
2678,0.007383
2679,0.007464
2680,0.007464
2681,0.007434
2682,0.007393
2683,0.007444
2684,0.007404
2685,0.007444
2686,0.007464
2687,0.007504
2688,0.007434
2689,0.007475
2690,0.007405
2691,0.007464
2692,0.007444
2693,0.007735
2694,0.007444
2695,0.007474
2696,0.007494
2697,0.007494
2698,0.007454
2699,0.007484
2700,0.007454
2701,0.007464
2702,0.007474
2703,0.007494
2704,0.007504
2705,0.007495
2706,0.007455
2707,0.007475
2708,0.007504
2709,0.007464
2710,0.007484
2711,0.007485
2712,0.007535
2713,0.007494
2714,0.007574
2715,0.007524
2716,0.007535
2717,0.007534
2718,0.007504
2719,0.007494
2720,0.007544
2721,0.007545
2722,0.007575
2723,0.007555
2724,0.007504
2725,0.007534
2726,0.007534
2727,0.007564
2728,0.007574
2729,0.007584
2730,0.007534
2731,0.007585
2732,0.007564
2733,0.007624
2734,0.007615
2735,0.007594
2736,0.011212
2737,0.008617
2738,0.007614
2739,0.007624
2740,0.007625
2741,0.007644
2742,0.007665
2743,0.007594
2744,0.007624
2745,0.007665
2746,0.007674
2747,0.007644
2748,0.007635
2749,0.007665
2750,0.007635
2751,0.007655
2752,0.007625
2753,0.007685
2754,0.007695
2755,0.007675
2756,0.007685
2757,0.007674
2758,0.007664
2759,0.007675
2760,0.007665
2761,0.007654
2762,0.007695
2763,0.007715
2764,0.007665
2765,0.007685
2766,0.007714
2767,0.007705
2768,0.007724
2769,0.007715
2770,0.007694
2771,0.007705
2772,0.007694
2773,0.007704
2774,0.007695
2775,0.007764
2776,0.007645
2777,0.007674
2778,0.007644
2779,0.007674
2780,0.007684
2781,0.007685
2782,0.007704
2783,0.007715
2784,0.007705
2785,0.007704
2786,0.007746
2787,0.007695
2788,0.007725
2789,0.007724
2790,0.007705
2791,0.007724
2792,0.007714
2793,0.007755
2794,0.011331
2795,0.007734
2796,0.007714
2797,0.007725
2798,0.007716
2799,0.007805
2800,0.007765
2801,0.007745
2802,0.007745
2803,0.007725
2804,0.007734
2805,0.007785
2806,0.007755
2807,0.007765
2808,0.007796
2809,0.007765
2810,0.007815
2811,0.007765
2812,0.007774
2813,0.007874
2814,0.007774
2815,0.007765
2816,0.007775
2817,0.007815
2818,0.007855
2819,0.007835
2820,0.007835
2821,0.007865
2822,0.007785
2823,0.007795
2824,0.007864
2825,0.007835
2826,0.007805
2827,0.007834
2828,0.007775
2829,0.007866
2830,0.007805
2831,0.007825
2832,0.007875
2833,0.007804
2834,0.007824
2835,0.007854
2836,0.007884
2837,0.007844
2838,0.007805
2839,0.007885
2840,0.007825
2841,0.007855
2842,0.007875
2843,0.007875
2844,0.007885
2845,0.007915
2846,0.007904
2847,0.007936
2848,0.007845
2849,0.007915
2850,0.007894
2851,0.007955
2852,0.007904
2853,0.007865
2854,0.007895
2855,0.007914
2856,0.007946
2857,0.007906
2858,0.007905
2859,0.007885
2860,0.007885
2861,0.007935
2862,0.007895
2863,0.007954
2864,0.007915
2865,0.007956
2866,0.007886
2867,0.007935
2868,0.007965
2869,0.011431
2870,0.007944
2871,0.007905
2872,0.007955
2873,0.007926
2874,0.007936
2875,0.007964
2876,0.007985
2877,0.007945
2878,0.007914
2879,0.007935
2880,0.007985
2881,0.007985
2882,0.007946
2883,0.007956
2884,0.008005
2885,0.008025
2886,0.007985
2887,0.008005
2888,0.008075
2889,0.007975
2890,0.007996
2891,0.007965
2892,0.007975
2893,0.007995
2894,0.008015
2895,0.007975
2896,0.008015
2897,0.007985
2898,0.008016
2899,0.008006
2900,0.008065
2901,0.008025
2902,0.008035
2903,0.008035
2904,0.008045
2905,0.008005
2906,0.008056
2907,0.008175
2908,0.008005
2909,0.008016
2910,0.008065
2911,0.008095
2912,0.008105
2913,0.008035
2914,0.008045
2915,0.008035
2916,0.008045
2917,0.008076
2918,0.008025
2919,0.008085
2920,0.008075
2921,0.008075
2922,0.008095
2923,0.008105
2924,0.008046
2925,0.008105
2926,0.008095
2927,0.008085
2928,0.008075
2929,0.008065
2930,0.008085
2931,0.008126
2932,0.008156
2933,0.008125
2934,0.008206
2935,0.008105
2936,0.008126
2937,0.01075
2938,0.008656
2939,0.008275
2940,0.08979
2941,0.009307
2942,0.009187
2943,0.008165
2944,0.008295
2945,0.008126
2946,0.096163
2947,0.009337
2948,0.008156
2949,0.008125
2950,0.009197
2951,0.008195
2952,0.008437
2953,0.008196
2954,0.008175
2955,0.008195
2956,0.008176
2957,0.008196
2958,0.008187
2959,0.008186
2960,0.008186
2961,0.008236
2962,0.008177
2963,0.009257
2964,0.008245
2965,0.008275
2966,0.008346
2967,0.008305
2968,0.008305
2969,0.008307
2970,0.008305
2971,0.008306
2972,0.008325
2973,0.008326
2974,0.008326
2975,0.008306
2976,0.008336
2977,0.008336
2978,0.008355
2979,0.008556
2980,0.008336
2981,0.008325
2982,0.008316
2983,0.008355
2984,0.008406
2985,0.008385
2986,0.008407
2987,0.008386
2988,0.008385
2989,0.008386
2990,0.008385
2991,0.008417
2992,0.008356
2993,0.008386
2994,0.008386
2995,0.008405
2996,0.008406
2997,0.008446
2998,0.008396
2999,0.008376
3000,0.008416
3001,0.008476
3002,0.008467
3003,0.008466
3004,0.008456
3005,0.008456
3006,0.008516
3007,0.008517
3008,0.008516
3009,0.008516
3010,0.008476
3011,0.008526
3012,0.008526
3013,0.008467
3014,0.008667
3015,0.008466
3016,0.008506
3017,0.008547
3018,0.008556
3019,0.008596
3020,0.008566
3021,0.008626
3022,0.008567
3023,0.008576
3024,0.008556
3025,0.008738
3026,0.008576
3027,0.008596
3028,0.008566
3029,0.008586
3030,0.019177
3031,0.008636
3032,0.009688
3033,0.008626
3034,0.008637
3035,0.008626
3036,0.008607
3037,0.008616
3038,0.008646
3039,0.008658
3040,0.008596
3041,0.008937
3042,0.008656
3043,0.008626
3044,0.008647
3045,0.008666
3046,0.011433
3047,0.01084
3048,0.010892
3049,0.01081
3050,0.01086
3051,0.01084
3052,0.01082
3053,0.010861
3054,0.011352
3055,0.012364
3056,0.010891
3057,0.012243
3058,0.008878
3059,0.008756
3060,0.008997
3061,0.009839
3062,0.009818
3063,0.008667
3064,0.008857
3065,0.008707
3066,0.008707
3067,0.013917
3068,0.008747
3069,0.009829
3070,0.008746
3071,0.008737
3072,0.008707
3073,0.008766
3074,0.008656
3075,0.008696
3076,0.008667
3077,0.008676
3078,0.008766
3079,0.008736
3080,0.008727
3081,0.008706
3082,0.008726
3083,0.008687
3084,0.012584
3085,0.008747
3086,0.008686
3087,0.008757
3088,0.008716
3089,0.008717
3090,0.008697
3091,0.008806
3092,0.008706
3093,0.008738
3094,0.008686
3095,0.008797
3096,0.008786
3097,0.008717
3098,0.008747
3099,0.008736
3100,0.008777
3101,0.008807
3102,0.009197
3103,0.008846
3104,0.008806
3105,0.009899
3106,0.008766
3107,0.008776
3108,0.008786
3109,0.008767
3110,0.009888
3111,0.008836
3112,0.009898
3113,0.008837
3114,0.008817
3115,0.008797
3116,0.008826
3117,0.008777
3118,0.008906
3119,0.008816
3120,0.008817
3121,0.008827
3122,0.008817
3123,0.008836
3124,0.008777
3125,0.008848
3126,0.008797
3127,0.008787
3128,0.008846
3129,0.008818
3130,0.008817
3131,0.008846
3132,0.008797
3133,0.008827
3134,0.008846
3135,0.009037
3136,0.008867
3137,0.008836
3138,0.008877
3139,0.008847
3140,0.008838
3141,0.008837
3142,0.008837
3143,0.008847
3144,0.008827
3145,0.008857
3146,0.008816
3147,0.008867
3148,0.008806
3149,0.008837
3150,0.008857
3151,0.008837
3152,0.011652
3153,0.012614
3154,0.011222
3155,0.011101
3156,0.011032
3157,0.011071
3158,0.010009
3159,0.008897
3160,0.010019
3161,0.008897
3162,0.008868
3163,0.008866
3164,0.008836
3165,0.008857
3166,0.008868
3167,0.009528
3168,0.008947
3169,0.008988
3170,0.010079
3171,0.008897
3172,0.008926
3173,0.008908
3174,0.008896
3175,0.009127
3176,0.0097
3177,0.008917
3178,0.008926
3179,0.008967
3180,0.008927
3181,0.009187
3182,0.008947
3183,0.008947
3184,0.008898
3185,0.008917
3186,0.008926
3187,0.008956
3188,0.008948
3189,0.009157
3190,0.009399
3191,0.008927
3192,0.010119
3193,0.008987
3194,0.009098
3195,0.008956
3196,0.008957
3197,0.008987
3198,0.008987
3199,0.008957
3200,0.008957
3201,0.008977
3202,0.009008
3203,0.009007
3204,0.009037
3205,0.009057
3206,0.149805
3207,0.011602
3208,0.011361
3209,0.011242
3210,0.011261
3211,0.011241
3212,0.011231
3213,0.011231
3214,0.011302
3215,0.009047
3216,0.009017
3217,0.009088
3218,0.009037
3219,0.009037
3220,0.009067
3221,0.009048
3222,0.010279
3223,0.009057
3224,0.009107
3225,0.009057
3226,0.009097
3227,0.009197
3228,0.008997
3229,0.009036
3230,0.009057
3231,0.009078
3232,0.009026
3233,0.010209
3234,0.009017
3235,0.009028
3236,0.009037
3237,0.009037
3238,0.015831
3239,0.009077
3240,0.009057
3241,0.009027
3242,0.009008
3243,0.009017
3244,0.009017
3245,0.009117
3246,0.009038
3247,0.009077
3248,0.009077
3249,0.009077
3250,0.009037
3251,0.009067
3252,0.009057
3253,0.009067
3254,0.009027
3255,0.009107
3256,0.009087
3257,0.009098
3258,0.009078
3259,0.009097
3260,0.009147
3261,0.009057
3262,0.009057
3263,0.009107
3264,0.009148
3265,0.009117
3266,0.009117
3267,0.009147
3268,0.009188
3269,0.009188
3270,0.009137
3271,0.009308
3272,0.009147
3273,0.009198
3274,0.009218
3275,0.009267
3276,0.009227
3277,0.009167
3278,0.009158
3279,0.009257
3280,0.009217
3281,0.009248
3282,0.009197
3283,0.009317
3284,0.009308
3285,0.009218
3286,0.009267
3287,0.017292
3288,0.009268
3289,0.009247
3290,0.009257
3291,0.009308
3292,0.009257
3293,0.009267
3294,0.009258
3295,0.009448
3296,0.009347
3297,0.009329
3298,0.009297
3299,0.009307
3300,0.009307
3301,0.009358
3302,0.039053
3303,0.012593
3304,0.011842
3305,0.011662
3306,0.012173
3307,0.011712
3308,0.011652
3309,0.011682
3310,0.010029
3311,0.009358
3312,0.009319
3313,0.009818
3314,0.009429
3315,0.01061
3316,0.009328
3317,0.009348
3318,0.009377
3319,0.009347
3320,0.009619
3321,0.009368
3322,0.009337
3323,0.009579
3324,0.009348
3325,0.009398
3326,0.135217
3327,0.011922
3328,0.011763
3329,0.011752
3330,0.011792
3331,0.011702
3332,0.011702
3333,0.011713
3334,0.013245
3335,0.009397
3336,0.0106
3337,0.009389
3338,0.009398
3339,0.009608
3340,0.009398
3341,0.009447
3342,0.01064
3343,0.009449
3344,0.009417
3345,0.009418
3346,0.009408
3347,0.009428
3348,0.009418
3349,0.009397
3350,0.009407
3351,0.009428
3352,0.009397
3353,0.009418
3354,0.013075
3355,0.009438
3356,0.009448
3357,0.009418
3358,0.009389
3359,0.009407
3360,0.009458
3361,0.009428
3362,0.009417
3363,0.009408
3364,0.009468
3365,0.009408
3366,0.009418
3367,0.009458
3368,0.009429
3369,0.009448
3370,0.010731
3371,0.01101
3372,0.009517
3373,0.009459
3374,0.009468
3375,0.009448
3376,0.009449
3377,0.009448
3378,0.009458
3379,0.009499
3380,0.009478
3381,0.009458
3382,0.009478
3383,0.009457
3384,0.0107
3385,0.009467
3386,0.009498
3387,0.009789
3388,0.009498
3389,0.009448
3390,0.009468
3391,0.009478
3392,0.009467
3393,0.009478
3394,0.009508
3395,0.009508
3396,0.009498
3397,0.009528
3398,0.01074
3399,0.009517
3400,0.009749
3401,0.009548
3402,0.009509
3403,0.009578
3404,0.009538
3405,0.009599
3406,0.009518
3407,0.009578
3408,0.009579
3409,0.009558
3410,0.009588
3411,0.009599
3412,0.009558
3413,0.009548
3414,0.009537
3415,0.015489
3416,0.009618
3417,0.009548
3418,0.009528
3419,0.009558
3420,0.009538
3421,0.009578
3422,0.009568
3423,0.009598
3424,0.009558
3425,0.009517
3426,0.009518
3427,0.009558
3428,0.009508
3429,0.009588
3430,0.018235
3431,0.009698
3432,0.009649
3433,0.009708
3434,0.009668
3435,0.009639
3436,0.009678
3437,0.009668
3438,0.009659
3439,0.009648
3440,0.009729
3441,0.009698
3442,0.009668
3443,0.009698
3444,0.009688
3445,0.009688
3446,0.009739
3447,0.009718
3448,0.009728
3449,0.00971
3450,0.009709
3451,0.010009
3452,0.009739
3453,0.011
3454,0.009749
3455,0.009719
3456,0.009708
3457,0.009748
3458,0.009799
3459,0.009758
3460,0.00982
3461,0.009758
3462,0.011031
3463,0.009788
3464,0.009759
3465,0.009788
3466,0.009809
3467,0.009828
3468,0.009739
3469,0.009769
3470,0.009778
3471,0.009779
3472,0.009779
3473,0.009768
3474,0.009759
3475,0.013656
3476,0.012334
3477,0.012413
3478,0.013836
3479,0.012233
3480,0.012274
3481,0.012243
3482,0.012253
3483,0.012234
3484,0.012223
3485,0.012354
3486,0.012315
3487,0.01032
3488,0.009938
3489,0.011161
3490,0.011111
3491,0.009908
3492,0.00986
3493,0.009829
3494,0.009848
3495,0.009849
3496,0.009828
3497,0.009819
3498,0.009908
3499,0.009918
3500,0.00991
3501,0.009879
3502,0.009929
3503,0.009849
3504,0.009889
3505,0.0099
3506,0.009848
3507,0.009888
3508,0.009839
3509,0.009879
3510,0.009869
3511,0.009839
3512,0.009929
3513,0.00986
3514,0.009859
3515,0.009859
3516,0.009899
3517,0.010079
3518,0.011172
3519,0.009899
3520,0.009878
3521,0.009879
3522,0.009949
3523,0.009888
3524,0.009889
3525,0.009949
3526,0.009899
3527,0.009989
3528,0.009938
3529,0.00999
3530,0.009928
3531,0.010019
3532,0.010069
3533,0.009959
3534,0.00993
3535,0.009909
3536,0.009888
3537,0.01013
3538,0.009929
3539,0.009929
3540,0.009868
3541,0.009928
3542,0.011212
3543,0.009908
3544,0.009898
3545,0.010099
3546,0.009909
3547,0.009998
3548,0.009909
3549,0.009939
3550,0.010008
3551,0.009999
3552,0.009919
3553,0.009918
3554,0.009989
3555,0.009979
3556,0.00999
3557,0.009969
3558,0.009989
3559,0.010078
3560,0.009969
3561,0.00995
3562,0.010009
3563,0.011
3564,0.010039
3565,0.009959
3566,0.01002
3567,0.010018
3568,0.009998
3569,0.010009
3570,0.009979
3571,0.01003
3572,0.009999
3573,0.010039
3574,0.010018
3575,0.009989
3576,0.011302
3577,0.010009
3578,0.009999
3579,0.009999
3580,0.010008
3581,0.01001
3582,0.009998
3583,0.010009
3584,0.010009
3585,0.009999
3586,0.01
3587,0.010099
3588,0.01008
3589,0.010059
3590,0.010039
3591,0.010089
3592,0.010029
3593,0.01002
3594,0.009999
3595,0.016711
3596,0.010009
3597,0.009989
3598,0.009979
3599,0.010009
3600,0.010019
3601,0.010029
3602,0.017193
3603,0.010039
3604,0.011331
3605,0.01004
3606,0.010039
3607,0.010019
3608,0.010069
3609,0.010019
3610,0.01006
3611,0.010059
3612,0.010019
3613,0.01021
3614,0.010109
3615,0.01005
3616,0.010079
3617,0.010109
3618,0.010089
3619,0.010039
3620,0.01016
3621,0.010079
3622,0.010079
3623,0.010078
3624,0.01046
3625,0.010119
3626,0.010099
3627,0.012674
3628,0.010089
3629,0.01011
3630,0.010139
3631,0.01016
3632,0.010059
3633,0.010079
3634,0.010099
3635,0.010089
3636,0.011412
3637,0.010119
3638,0.010129
3639,0.010149
3640,0.010159
3641,0.01012
3642,0.01018
3643,0.010169
3644,0.010109
3645,0.01021
3646,0.010129
3647,0.010159
3648,0.0102
3649,0.010139
3650,0.010069
3651,0.010079
3652,0.010109
3653,0.0101
3654,0.010109
3655,0.010089
3656,0.010139
3657,0.010139
3658,0.010279
3659,0.010209
3660,0.010119
3661,0.01011
3662,0.010159
3663,0.010139
3664,0.010129
3665,0.010129
3666,0.01016
3667,0.010179
3668,0.010159
3669,0.010139
3670,0.010139
3671,0.01014
3672,0.010169
3673,0.0102
3674,0.010229
3675,0.010169
3676,0.010169
3677,0.010169
3678,0.01017
3679,0.010219
3680,0.01022
3681,0.01019
3682,0.010179
3683,0.01019
3684,0.010259
3685,0.010171
3686,0.010189
3687,0.01017
3688,0.010259
3689,0.010249
3690,0.01022
3691,0.01028
3692,0.01022
3693,0.010229
3694,0.010249
3695,0.010169
3696,0.010169
3697,0.010199
3698,0.010189
3699,0.01018
3700,0.010169
3701,0.010179
3702,0.010199
3703,0.0103
3704,0.010199
3705,0.010209
3706,0.01017
3707,0.010209
3708,0.01024
3709,0.010229
3710,0.010199
3711,0.010189
3712,0.010189
3713,0.01019
3714,0.010179
3715,0.010249
3716,0.010219
3717,0.010209
3718,0.010339
3719,0.01024
3720,0.01027
3721,0.010229
3722,0.01022
3723,0.010259
3724,0.010219
3725,0.010249
3726,0.010269
3727,0.01027
3728,0.0103
3729,0.0103
3730,0.010259
3731,0.01031
3732,0.010319
3733,0.010319
3734,0.010269
3735,0.01025
3736,0.01032
3737,0.010279
3738,0.01025
3739,0.010249
3740,0.010309
3741,0.010349
3742,0.010289
3743,0.010381
3744,0.010319
3745,0.01032
3746,0.010319
3747,0.01041
3748,0.01031
3749,0.01027
3750,0.01029
3751,0.010269
3752,0.01034
3753,0.010319
3754,0.010339
3755,0.010249
3756,0.010299
3757,0.010319
3758,0.01032
3759,0.01026
3760,0.010319
3761,0.010269
3762,0.010319
3763,0.010259
3764,0.0103
3765,0.01029
3766,0.01034
3767,0.010309
3768,0.010331
3769,0.01034
3770,0.01034
3771,0.010319
3772,0.01034
3773,0.010351
3774,0.01036
3775,0.01031
3776,0.010349
3777,0.01037
3778,0.01033
3779,0.010389
3780,0.01065
3781,0.010991
3782,0.01036
3783,0.08992
3784,0.011812
3785,0.01037
3786,0.010641
3787,0.01039
3788,0.010371
3789,0.010409
3790,0.01035
3791,0.010419
3792,0.010379
3793,0.011121
3794,0.01038
3795,0.01067
3796,0.010952
3797,0.01046
3798,0.010399
3799,0.010409
3800,0.01039
3801,0.010389
3802,0.010411
3803,0.01044
3804,0.010419
3805,0.010379
3806,0.010419
3807,0.01042
3808,0.010449
3809,0.010481
3810,0.01048
3811,0.01052
3812,0.011792
3813,0.010431
3814,0.010409
3815,0.010419
3816,0.01045
3817,0.01046
3818,0.010469
3819,0.01045
3820,0.01048
3821,0.01044
3822,0.01045
3823,0.0105
3824,0.01048
3825,0.014086
3826,0.010489
3827,0.0105
3828,0.01049
3829,0.010489
3830,0.010489
3831,0.01053
3832,0.010479
3833,0.010471
3834,0.01053
3835,0.01049
3836,0.01049
3837,0.01051
3838,0.0105
3839,0.01051
3840,0.010529
3841,0.01051
3842,0.01054
3843,0.01048
3844,0.01054
3845,0.0105
3846,0.010501
3847,0.010509
3848,0.010561
3849,0.01052
3850,0.01058
3851,0.01051
3852,0.015729
3853,0.01059
3854,0.010529
3855,0.010599
3856,0.01056
3857,0.01058
3858,0.01061
3859,0.01057
3860,0.01054
3861,0.01056
3862,0.01056
3863,0.01061
3864,0.010561
3865,0.01057
3866,0.010621
3867,0.01061
3868,0.010571
3869,0.01059
3870,0.010599
3871,0.01064
3872,0.0106
3873,0.01059
3874,0.01059
3875,0.01062
3876,0.01066
3877,0.01063
3878,0.0106
3879,0.010651
3880,0.01064
3881,0.010651
3882,0.01065
3883,0.010631
3884,0.01064
3885,0.010641
3886,0.01068
3887,0.010681
3888,0.01066
3889,0.010651
3890,0.01066
3891,0.01066
3892,0.01064
3893,0.01065
3894,0.01068
3895,0.01076
3896,0.010629
3897,0.01066
3898,0.01067
3899,0.01073
3900,0.010701
3901,0.01063
3902,0.010711
3903,0.010831
3904,0.01068
3905,0.01075
3906,0.01076
3907,0.01078
3908,0.010791
3909,0.014046
3910,0.013545
3911,0.013457
3912,0.013476
3913,0.013456
3914,0.013525
3915,0.013485
3916,0.01076
3917,0.01081
3918,0.010801
3919,0.01089
3920,0.01081
3921,0.0108
3922,0.0108
3923,0.01077
3924,0.01082
3925,0.01083
3926,0.01088
3927,0.01082
3928,0.01081
3929,0.01081
3930,0.010851
3931,0.01078
3932,0.01081
3933,0.01086
3934,0.01079
3935,0.01074
3936,0.010801
3937,0.0108
3938,0.01082
3939,0.010761
3940,0.01079
3941,0.01077
3942,0.01078
3943,0.01082
3944,0.010781
3945,0.01078
3946,0.01078
3947,0.010901
3948,0.01083
3949,0.01082
3950,0.010821
3951,0.01082
3952,0.011061
3953,0.01081
3954,0.01079
3955,0.01087
3956,0.01087
3957,0.01087
3958,0.010881
3959,0.01542
3960,0.011291
3961,0.010921
3962,0.010901
3963,0.010911
3964,0.01095
3965,0.01093
3966,0.01093
3967,0.010931
3968,0.010871
3969,0.01091
3970,0.01092
3971,0.01092
3972,0.010952
3973,0.01094
3974,0.010932
3975,0.010951
3976,0.010922
3977,0.010921
3978,0.010962
3979,0.010921
3980,0.010992
3981,0.01094
3982,0.010981
3983,0.010971
3984,0.010971
3985,0.010971
3986,0.01099
3987,0.010931
3988,0.01099
3989,0.010991
3990,0.01102
3991,0.010991
3992,0.010981
3993,0.011
3994,0.01099
3995,0.010991
3996,0.011021
3997,0.011001
3998,0.01104
3999,0.011082
4000,0.011001
4001,0.011032
4002,0.011021
4003,0.011021
4004,0.011031
4005,0.011051
4006,0.01101
4007,0.01104
4008,0.011051
4009,0.011021
4010,0.011061
4011,0.011071
4012,0.01106
4013,0.011221
4014,0.01104
4015,0.012222
4016,0.01112
4017,0.011092
4018,0.01108
4019,0.011022
4020,0.011101
4021,0.011071
4022,0.01109
4023,0.011111
4024,0.011061
4025,0.011263
4026,0.011091
4027,0.011081
4028,0.0111
4029,0.011091
4030,0.011101
4031,0.011121
4032,0.011102
4033,0.011141
4034,0.011122
4035,0.011141
4036,0.011543
4037,0.011091
4038,0.011241
4039,0.011151
4040,0.011201
4041,0.011151
4042,0.011201
4043,0.011192
4044,0.011241
4045,0.011232
4046,0.011221
4047,0.011192
4048,0.011171
4049,0.011251
4050,0.011241
4051,0.011201
4052,0.011293
4053,0.011151
4054,0.011171
4055,0.011161
4056,0.011172
4057,0.011211
4058,0.01113
4059,0.011171
4060,0.011231
4061,0.011241
4062,0.011141
4063,0.011172
4064,0.011181
4065,0.032832
4066,0.011281
4067,0.011301
4068,0.011311
4069,0.011331
4070,0.011321
4071,0.011312
4072,0.011331
4073,0.011353
4074,0.011341
4075,0.011341
4076,0.011362
4077,0.011362
4078,0.011412
4079,0.011381
4080,0.011351
4081,0.011281
4082,0.011301
4083,0.011321
4084,0.011301
4085,0.011302
4086,0.011321
4087,0.011272
4088,0.011362
4089,0.011331
4090,0.011312
4091,0.011311
4092,0.011343
4093,0.011341
4094,0.011292
4095,0.011342
4096,0.011301
4097,0.011472
4098,0.012834
4099,0.012835
4100,0.011352
4101,0.011371
4102,0.012804
4103,0.011371
4104,0.011423
4105,0.012884
4106,0.011411
4107,0.011351
4108,0.011372
4109,0.011393
4110,0.011422
4111,0.011381
4112,0.011441
4113,0.011391
4114,0.011362
4115,0.011381
4116,0.011413
4117,0.011372
4118,0.011442
4119,0.011391
4120,0.011422
4121,0.011343
4122,0.011361
4123,0.011371
4124,0.011371
4125,0.011341
4126,0.011372
4127,0.011372
4128,0.011403
4129,0.011381
4130,0.011381
4131,0.011461
4132,0.011361
4133,0.011332
4134,0.011381
4135,0.011332
4136,0.011351
4137,0.011321
4138,0.011392
4139,0.011361
4140,0.011393
4141,0.011351
4142,0.011372
4143,0.011341
4144,0.014898
4145,0.011352
4146,0.011621
4147,0.011402
4148,0.011672
4149,0.012926
4150,0.011421
4151,0.011441
4152,0.011482
4153,0.011681
4154,0.012964
4155,0.011483
4156,0.011402
4157,0.011431
4158,0.011432
4159,0.011592
4160,0.011431
4161,0.011443
4162,0.011411
4163,0.011421
4164,0.011482
4165,0.011682
4166,0.011472
4167,0.011483
4168,0.011481
4169,0.011522
4170,0.011732
4171,0.011483
4172,0.011501
4173,0.012974
4174,0.011481
4175,0.011501
4176,0.016151
4177,0.011532
4178,0.011471
4179,0.011523
4180,0.011511
4181,0.011572
4182,0.011602
4183,0.011572
4184,0.011573
4185,0.011612
4186,0.011572
4187,0.011602
4188,0.011622
4189,0.015169
4190,0.013125
4191,0.011591
4192,0.011553
4193,0.011612
4194,0.011622
4195,0.011551
4196,0.011541
4197,0.011543
4198,0.011522
4199,0.011592
4200,0.011572
4201,0.011572
4202,0.015029
4203,0.013105
4204,0.011621
4205,0.011623
4206,0.011562
4207,0.011562
4208,0.011581
4209,0.011591
4210,0.011593
4211,0.011592
4212,0.011572
4213,0.011652
4214,0.011742
4215,0.011602
4216,0.011603
4217,0.011621
4218,0.011572
4219,0.011622
4220,0.011621
4221,0.011693
4222,0.011632
4223,0.014348
4224,0.011732
4225,0.011682
4226,0.011673
4227,0.011622
4228,0.011642
4229,0.013155
4230,0.013134
4231,0.011653
4232,0.011642
4233,0.011672
4234,0.011673
4235,0.011691
4236,0.011662
4237,0.011643
4238,0.011642
4239,0.011662
4240,0.011683
4241,0.011682
4242,0.011672
4243,0.011682
4244,0.011662
4245,0.011703
4246,0.011672
4247,0.011692
4248,0.011723
4249,0.011701
4250,0.011692
4251,0.011653
4252,0.011712
4253,0.011722
4254,0.011732
4255,0.011942
4256,0.012003
4257,0.011932
4258,0.011932
4259,0.011942
4260,0.012013
4261,0.012013
4262,0.011982
4263,0.012004
4264,0.012003
4265,0.011962
4266,0.012112
4267,0.012002
4268,0.015519
4269,0.015108
4270,0.01514
4271,0.01521
4272,0.015049
4273,0.014988
4274,0.015038
4275,0.015089
4276,0.012053
4277,0.012012
4278,0.012023
4279,0.012002
4280,0.012063
4281,0.012113
4282,0.012023
4283,0.012014
4284,0.011992
4285,0.012093
4286,0.012024
4287,0.012062
4288,0.012103
4289,0.012054
4290,0.012073
4291,0.012053
4292,0.012094
4293,0.012063
4294,0.012093
4295,0.012063
4296,0.012073
4297,0.012083
4298,0.012094
4299,0.012073
4300,0.012102
4301,0.012093
4302,0.012093
4303,0.012143
4304,0.012134
4305,0.012103
4306,0.012163
4307,0.012112
4308,0.012094
4309,0.012083
4310,0.012093
4311,0.012093
4312,0.012153
4313,0.012093
4314,0.012153
4315,0.012123
4316,0.012133
4317,0.012124
4318,0.012162
4319,0.012183
4320,0.012213
4321,0.012143
4322,0.012163
4323,0.012153
4324,0.012144
4325,0.012203
4326,0.012153
4327,0.012164
4328,0.012193
4329,0.012203
4330,0.012204
4331,0.012705
4332,0.012263
4333,0.013806
4334,0.013775
4335,0.012213
4336,0.012223
4337,0.012213
4338,0.012204
4339,0.012223
4340,0.012133
4341,0.012133
4342,0.012123
4343,0.012153
4344,0.012133
4345,0.012172
4346,0.012183
4347,0.012163
4348,0.012153
4349,0.012143
4350,0.012173
4351,0.012173
4352,0.012153
4353,0.012183
4354,0.012204
4355,0.012173
4356,0.012213
4357,0.012184
4358,0.012172
4359,0.012143
4360,0.012173
4361,0.012223
4362,0.012173
4363,0.012193
4364,0.012204
4365,0.012253
4366,0.012233
4367,0.012244
4368,0.012213
4369,0.012213
4370,0.012213
4371,0.012283
4372,0.012213
4373,0.012273
4374,0.012264
4375,0.012202
4376,0.012243
4377,0.012274
4378,0.012203
4379,0.012163
4380,0.012303
4381,0.012214
4382,0.012172
4383,0.012243
4384,0.012184
4385,0.012203
4386,0.012223
4387,0.012425
4388,0.012283
4389,0.012313
4390,0.012273
4391,0.012334
4392,0.012293
4393,0.012333
4394,0.012254
4395,0.012313
4396,0.012464
4397,0.012314
4398,0.012323
4399,0.012293
4400,0.012293
4401,0.012294
4402,0.012595
4403,0.012304
4404,0.012273
4405,0.012293
4406,0.012274
4407,0.012333
4408,0.012363
4409,0.012354
4410,0.012323
4411,0.012323
4412,0.012543
4413,0.012303
4414,0.012273
4415,0.012283
4416,0.012263
4417,0.012264
4418,0.012303
4419,0.012303
4420,0.012284
4421,0.012303
4422,0.012273
4423,0.012313
4424,0.012344
4425,0.012293
4426,0.012283
4427,0.012294
4428,0.012283
4429,0.012323
4430,0.012323
4431,0.012313
4432,0.012343
4433,0.012353
4434,0.012345
4435,0.012373
4436,0.012233
4437,0.012453
4438,0.012263
4439,0.012263
4440,0.012313
4441,0.012295
4442,0.012303
4443,0.012323
4444,0.012254
4445,0.012263
4446,0.012273
4447,0.012313
4448,0.012324
4449,0.013906
4450,0.012363
4451,0.012304
4452,0.012303
4453,0.012303
4454,0.012323
4455,0.012324
4456,0.012313
4457,0.012333
4458,0.012364
4459,0.012363
4460,0.012303
4461,0.012564
4462,0.012253
4463,0.012294
4464,0.012253
4465,0.012313
4466,0.012325
4467,0.012333
4468,0.012333
4469,0.012324
4470,0.012293
4471,0.012273
4472,0.012323
4473,0.012294
4474,0.012293
4475,0.012313
4476,0.012304
4477,0.012293
4478,0.012333
4479,0.012323
4480,0.012294
4481,0.012344
4482,0.012353
4483,0.012364
4484,0.012363
4485,0.012323
4486,0.012313
4487,0.012325
4488,0.012374
4489,0.012324
4490,0.012355
4491,0.012354
4492,0.012393
4493,0.012363
4494,0.012354
4495,0.012363
4496,0.01601
4497,0.012915
4498,0.012283
4499,0.012283
4500,0.012303
4501,0.012314
4502,0.012353
4503,0.012333
4504,0.012345
4505,0.012313
4506,0.012373
4507,0.012424
4508,0.012364
4509,0.016
4510,0.015519
4511,0.015439
4512,0.01545
4513,0.01539
4514,0.015469
4515,0.015439
4516,0.015439
4517,0.015489
4518,0.012353
4519,0.012393
4520,0.012364
4521,0.012393
4522,0.012403
4523,0.012384
4524,0.012383
4525,0.012393
4526,0.012353
4527,0.012344
4528,0.012403
4529,0.012524
4530,0.012394
4531,0.012414
4532,0.012393
4533,0.012363
4534,0.012414
4535,0.012383
4536,0.012424
4537,0.012433
4538,0.012443
4539,0.012413
4540,0.012453
4541,0.012454
4542,0.012423
4543,0.012463
4544,0.012524
4545,0.012505
4546,0.012513
4547,0.012453
4548,0.012543
4549,0.012504
4550,0.012543
4551,0.012523
4552,0.012574
4553,0.012554
4554,0.012554
4555,0.012894
4556,0.012553
4557,0.012555
4558,0.012483
4559,0.012573
4560,0.105741
4561,0.014298
4562,0.012493
4563,0.012624
4564,0.012523
4565,0.012564
4566,0.014167
4567,0.014187
4568,0.012543
4569,0.012554
4570,0.012504
4571,0.012574
4572,0.012553
4573,0.012614
4574,0.016372
4575,0.012573
4576,0.012573
4577,0.012644
4578,0.012634
4579,0.012654
4580,0.012714
4581,0.012694
4582,0.012674
4583,0.012664
4584,0.012694
4585,0.012714
4586,0.016342
4587,0.012684
4588,0.012684
4589,0.012693
4590,0.012694
4591,0.012705
4592,0.012684
4593,0.012674
4594,0.012655
4595,0.012725
4596,0.012724
4597,0.012693
4598,0.012934
4599,0.012705
4600,0.012684
4601,0.012733
4602,0.012935
4603,0.012795
4604,0.012684
4605,0.012714
4606,0.012704
4607,0.012725
4608,0.012724
4609,0.012764
4610,0.012734
4611,0.012734
4612,0.012805
4613,0.012754
4614,0.012764
4615,0.012734
4616,0.012795
4617,0.012965
4618,0.012744
4619,0.013625
4620,0.020769
4621,0.012874
4622,0.012784
4623,0.012985
4624,0.012784
4625,0.012804
4626,0.013616
4627,0.012835
4628,0.012865
4629,0.013606
4630,0.016633
4631,0.016161
4632,0.01621
4633,0.016161
4634,0.016031
4635,0.014086
4636,0.012775
4637,0.014478
4638,0.012874
4639,0.013365
4640,0.012934
4641,0.012884
4642,0.012824
4643,0.012876
4644,0.012824
4645,0.012874
4646,0.012834
4647,0.012825
4648,0.012864
4649,0.012834
4650,0.012825
4651,0.012874
4652,0.012855
4653,0.012916
4654,0.012874
4655,0.012834
4656,0.012874
4657,0.012875
4658,0.012884
4659,0.012884
4660,0.012914
4661,0.012836
4662,0.012995
4663,0.012884
4664,0.012914
4665,0.012884
4666,0.012906
4667,0.012915
4668,0.012875
4669,0.012944
4670,0.012914
4671,0.012915
4672,0.012934
4673,0.012924
4674,0.012975
4675,0.012924
4676,0.012886
4677,0.012915
4678,0.012974
4679,0.012934
4680,0.012915
4681,0.012956
4682,0.012945
4683,0.012935
4684,0.012965
4685,0.012926
4686,0.012975
4687,0.012935
4688,0.012935
4689,0.012924
4690,0.013005
4691,0.012945
4692,0.012965
4693,0.012984
4694,0.012974
4695,0.013046
4696,0.012984
4697,0.013074
4698,0.012984
4699,0.013005
4700,0.013035
4701,0.012965
4702,0.013025
4703,0.013004
4704,0.012994
4705,0.012996
4706,0.013004
4707,0.013024
4708,0.013015
4709,0.013095
4710,0.012986
4711,0.013036
4712,0.013045
4713,0.013015
4714,0.013025
4715,0.013026
4716,0.013056
4717,0.013055
4718,0.013014
4719,0.012744
4720,0.012755
4721,0.012775
4722,0.012784
4723,0.012754
4724,0.012774
4725,0.012785
4726,0.012784
4727,0.012814
4728,0.012784
4729,0.012785
4730,0.012794
4731,0.012804
4732,0.01627
4733,0.012814
4734,0.012795
4735,0.012804
4736,0.012794
4737,0.012814
4738,0.012785
4739,0.012814
4740,0.012834
4741,0.012824
4742,0.012875
4743,0.012924
4744,0.012925
4745,0.012914
4746,0.012904
4747,0.012876
4748,0.012914
4749,0.013365
4750,0.012914
4751,0.013145
4752,0.012864
4753,0.014557
4754,0.013095
4755,0.013055
4756,0.013065
4757,0.013115
4758,0.013075
4759,0.013074
4760,0.013115
4761,0.013056
4762,0.013154
4763,0.013114
4764,0.013075
4765,0.013375
4766,0.013134
4767,0.013085
4768,0.013124
4769,0.013104
4770,0.013135
4771,0.013145
4772,0.013066
4773,0.013586
4774,0.013235
4775,0.013164
4776,0.013185
4777,0.013216
4778,0.013196
4779,0.013195
4780,0.013195
4781,0.014918
4782,0.013245
4783,0.013285
4784,0.013246
4785,0.013195
4786,0.013235
4787,0.013205
4788,0.013235
4789,0.013226
4790,0.013215
4791,0.013265
4792,0.013275
4793,0.013225
4794,0.013435
4795,0.013245
4796,0.013296
4797,0.013325
4798,0.013315
4799,0.013295
4800,0.013476
4801,0.013325
4802,0.013365
4803,0.013365
4804,0.013304
4805,0.013556
4806,0.013336
4807,0.013306
4808,0.013265
4809,0.013275
4810,0.013295
4811,0.013294
4812,0.013296
4813,0.013306
4814,0.013255
4815,0.013325
4816,0.013365
4817,0.013295
4818,0.013335
4819,0.013316
4820,0.013336
4821,0.013295
4822,0.013546
4823,0.013336
4824,0.013325
4825,0.013295
4826,0.013325
4827,0.013445
4828,0.013345
4829,0.013345
4830,0.013366
4831,0.013365
4832,0.013335
4833,0.013335
4834,0.013416
4835,0.013355
4836,0.013366
4837,0.013336
4838,0.017012
4839,0.013355
4840,0.013395
4841,0.013355
4842,0.013325
4843,0.013336
4844,0.013355
4845,0.013305
4846,0.013325
4847,0.013355
4848,0.013315
4849,0.013346
4850,0.013377
4851,0.013335
4852,0.013215
4853,0.014067
4854,0.08477
4855,0.017083
4856,0.016651
4857,0.013796
4858,0.013355
4859,0.015098
4860,0.013385
4861,0.01512
4862,0.013386
4863,0.013365
4864,0.013405
4865,0.013425
4866,0.013385
4867,0.013385
4868,0.013415
4869,0.013766
4870,0.013405
4871,0.015149
4872,0.020037
4873,0.013466
4874,0.013376
4875,0.013465
4876,0.013465
4877,0.015228
4878,0.013455
4879,0.013476
4880,0.013496
4881,0.013496
4882,0.013526
4883,0.017453
4884,0.013506
4885,0.013465
4886,0.013486
4887,0.013515
4888,0.013556
4889,0.013567
4890,0.013586
4891,0.013596
4892,0.013585
4893,0.013575
4894,0.017282
4895,0.013656
4896,0.013566
4897,0.013596
4898,0.013606
4899,0.013636
4900,0.013586
4901,0.013596
4902,0.013585
4903,0.013625
4904,0.013635
4905,0.013636
4906,0.014087
4907,0.013736
4908,0.013726
4909,0.01545
4910,0.01541
4911,0.015439
4912,0.013657
4913,0.013656
4914,0.013695
4915,0.013606
4916,0.015138
4917,0.013826
4918,0.013716
4919,0.013696
4920,0.013695
4921,0.013726
4922,0.013736
4923,0.01553
4924,0.013817
4925,0.013757
4926,0.013827
4927,0.013807
4928,0.013796
4929,0.013746
4930,0.013766
4931,0.013745
4932,0.013806
4933,0.013786
4934,0.013826
4935,0.013796
4936,0.013777
4937,0.013797
4938,0.013827
4939,0.013786
4940,0.013815
4941,0.013776
4942,0.013786
4943,0.013806
4944,0.013826
4945,0.013816
4946,0.013807
4947,0.013827
4948,0.013827
4949,0.013867
4950,0.013816
4951,0.013816
4952,0.013826
4953,0.013816
4954,0.013846
4955,0.013776
4956,0.013766
4957,0.013766
4958,0.013767
4959,0.013797
4960,0.013827
4961,0.013806
4962,0.013756
4963,0.013766
4964,0.013796
4965,0.013826
4966,0.013906
4967,0.013856
4968,0.013886
4969,0.013897
4970,0.013867
4971,0.014037
4972,0.013877
4973,0.013857
4974,0.013876
4975,0.013896
4976,0.013947
4977,0.013856
4978,0.013886
4979,0.013906
4980,0.013926
4981,0.013916
4982,0.013936
4983,0.013916
4984,0.013936
4985,0.013917
4986,0.013937
4987,0.013897
4988,0.013957
4989,0.013926
4990,0.014067
4991,0.013956
4992,0.013987
4993,0.013956
4994,0.013917
4995,0.013917
4996,0.013947
4997,0.013987
4998,0.013956
4999,0.013956
5000,0.013976
